date_utc,block_number,tx_hash,from_address,to_address,value_or_token,label,source
2022-04-17T12:24:16Z,14602790,0xcd314668aaa9bbfebaf1a0bd2b6553d01dd58899c508d4729fa7311dc5d33ad7,0x1c5dCdd006EA78a7E4783f9e6021C32935a10fb4,0x79224bc0bf70ec34f0ef56ed8251619499a59def,0 ETH,exploit_tx,https://etherscan.io/tx/0xcd314668aaa9bbfebaf1a0bd2b6553d01dd58899c508d4729fa7311dc5d33ad7
2022-04-17T14:56:04Z,14603456,0x3bc6c39d2579517f37c9ee20ac3345c99447a5464e060114a5ad3b19a57b7b7c,0x1c5dCdd006EA78a7E4783f9e6021C32935a10fb4,0xd90e2f925DA726b50C4Ed8D0Fb90Ad053324F31b,100 ETH,deposit_tornado_cash,https://etherscan.io/tx/0x3bc6c39d2579517f37c9ee20ac3345c99447a5464e060114a5ad3b19a57b7b7c
2022-04-17T14:55:51Z,14603455,0xe8b60dc187cf44e28516774865d8c9bcef88a8b36079ec14f125402b7f000a3a,0x1c5dCdd006EA78a7E4783f9e6021C32935a10fb4,0xd90e2f925DA726b50C4Ed8D0Fb90Ad053324F31b,100 ETH,deposit_tornado_02,https://etherscan.io/tx/0xe8b60dc187cf44e28516774865d8c9bcef88a8b36079ec14f125402b7f000a3a
2022-04-17T14:55:25Z,14603453,0xa5e1b63d8195d0c3302d922b6ec8abb64f0165021dd1d00e8ad884d85d650782,0x1c5dCdd006EA78a7E4783f9e6021C32935a10fb4,0xd90e2f925DA726b50C4Ed8D0Fb90Ad053324F31b,100 ETH,deposit_tornado_03,https://etherscan.io/tx/0xa5e1b63d8195d0c3302d922b6ec8abb64f0165021dd1d00e8ad884d85d650782
2022-04-17T14:54:59Z,14603451,0x557dab03a7046fc6280416cb8c2077cbbf5836a91bced9db550536c8eb4afed8,0x1c5dCdd006EA78a7E4783f9e6021C32935a10fb4,0xd90e2f925DA726b50C4Ed8D0Fb90Ad053324F31b,100 ETH,deposit_tornado_04,https://etherscan.io/tx/0x557dab03a7046fc6280416cb8c2077cbbf5836a91bced9db550536c8eb4afed8
2022-04-17T14:54:46Z,14603450,0x70a190fa1ed380597526f6948be9f89089c63327db1c59bd9d81a5890a00e381,0x1c5dCdd006EA78a7E4783f9e6021C32935a10fb4,0xd90e2f925DA726b50C4Ed8D0Fb90Ad053324F31b,100 ETH,deposit_tornado_05,https://etherscan.io/tx/0x70a190fa1ed380597526f6948be9f89089c63327db1c59bd9d81a5890a00e381
2022-04-17T14:54:20Z,14603448,0xb41aa79e716613d6f85337f7bed974131a0615c3f17c5f61cae81a2f02522d47,0x1c5dCdd006EA78a7E4783f9e6021C32935a10fb4,0xd90e2f925DA726b50C4Ed8D0Fb90Ad053324F31b,100 ETH,deposit_tornado_06,https://etherscan.io/tx/0xb41aa79e716613d6f85337f7bed974131a0615c3f17c5f61cae81a2f02522d47
2022-04-17T14:53:50Z,14603446,0x2fb90123066045743496b8523c256806679f3e26fcc3f831645da5198de5889d,0x1c5dCdd006EA78a7E4783f9e6021C32935a10fb4,0xd90e2f925DA726b50C4Ed8D0Fb90Ad053324F31b,100 ETH,deposit_tornado_07,https://etherscan.io/tx/0x2fb90123066045743496b8523c256806679f3e26fcc3f831645da5198de5889d
2022-04-17T14:53:07Z,14603443,0xe49cf442b67715c4ed03c5b2c5de1e450ed5b15179382374c8e8c5b143902549,0x1c5dCdd006EA78a7E4783f9e6021C32935a10fb4,0xd90e2f925DA726b50C4Ed8D0Fb90Ad053324F31b,100 ETH,deposit_tornado_08,https://etherscan.io/tx/0xe49cf442b67715c4ed03c5b2c5de1e450ed5b15179382374c8e8c5b143902549
2022-04-17T14:52:19Z,14603440,0x16f64a566b05d41a6172e860399faf9d459d0f4b198ad97b47fb5c362cd3d63b,0x1c5dCdd006EA78a7E4783f9e6021C32935a10fb4,0xd90e2f925DA726b50C4Ed8D0Fb90Ad053324F31b,100 ETH,deposit_tornado_09,https://etherscan.io/tx/0x16f64a566b05d41a6172e860399faf9d459d0f4b198ad97b47fb5c362cd3d63b
2022-04-17T14:52:05Z,14603439,0xe3e1333ba98cb140ec3dac1fcc27e822247e7672d909bae8374cfeb2863902fa,0x1c5dCdd006EA78a7E4783f9e6021C32935a10fb4,0xd90e2f925DA726b50C4Ed8D0Fb90Ad053324F31b,100 ETH,deposit_tornado_10,https://etherscan.io/tx/0xe3e1333ba98cb140ec3dac1fcc27e822247e7672d909bae8374cfeb2863902fa
2022-04-17T14:51:39Z,14603438,0x1dfd74735ba491e513be0435b061b7680a8f4cc58b9f0f3ba35e6e39d35a0e88,0x1c5dCdd006EA78a7E4783f9e6021C32935a10fb4,0xd90e2f925DA726b50C4Ed8D0Fb90Ad053324F31b,100 ETH,deposit_tornado_11,https://etherscan.io/tx/0x1dfd74735ba491e513be0435b061b7680a8f4cc58b9f0f3ba35e6e39d35a0e88
2022-04-17T14:51:24Z,14603436,0xb04037d8cad1828bc7a70cc21ab86bfbb8b6fbcc6a82754581a62885995f68e8,0x1c5dCdd006EA78a7E4783f9e6021C32935a10fb4,0xd90e2f925DA726b50C4Ed8D0Fb90Ad053324F31b,100 ETH,deposit_tornado_12,https://etherscan.io/tx/0xb04037d8cad1828bc7a70cc21ab86bfbb8b6fbcc6a82754581a62885995f68e8
2022-04-17T14:51:09Z,14603434,0x91f0edde9d37ef12ecd2dc669b17fd9b405646b72d2bdecf9777f67f7db47e98,0x1c5dCdd006EA78a7E4783f9e6021C32935a10fb4,0xd90e2f925DA726b50C4Ed8D0Fb90Ad053324F31b,100 ETH,deposit_tornado_13,https://etherscan.io/tx/0x91f0edde9d37ef12ecd2dc669b17fd9b405646b72d2bdecf9777f67f7db47e98
2022-04-17T14:51:18Z,14603432,0xe1c4489824465e985554c084f746fd0097216adb3f3aacdb4e05495ece958056,0x1c5dCdd006EA78a7E4783f9e6021C32935a10fb4,0xd90e2f925DA726b50C4Ed8D0Fb90Ad053324F31b,100 ETH,deposit_tornado_14,https://etherscan.io/tx/0xe1c4489824465e985554c084f746fd0097216adb3f3aacdb4e05495ece958056
